mode,metric,als_baseline,basic_similar_items,brand_similar_items,basic_similar_users,brand_similar_users
default,precision@k,0.16709108716944174,0.11047992164544564,0.10156709108716944,0.1167482859941234,0.1265426052889324
default,map@k,0.2901465066927849,0.18588121667210797,0.17142235281314613,0.28084802481227555,0.2890004353030798
default (bm25),precision@k,0.2014691478942214,0.13594515181194908,0.13134182174338882,0.08667972575905974,0.09980411361410381
default (bm25),map@k,0.3577177875720971,0.29487022526934376,0.22710509848732177,0.1992436608989009,0.22411306997497007
mixed top5k,precision@k,0.20744368266405486,0.12115572967678746,0.08501469147894221,0.1188050930460333,0.1138099902056807
mixed top5k,map@k,0.3459686853846991,0.18803936772227664,0.18587713570573514,0.28851480030471216,0.2851078735444553
mixed top5k (bm25),precision@k,0.22262487757100882,0.09755142017629774,0.09735553379040157,0.09059745347698335,0.09569049951028402
mixed top5k (bm25),map@k,0.4265664109261073,0.18301501795625202,0.18955136576341278,0.20023669604962455,0.21818070519098925
