,als_baseline,item basket weighted,item basket log weighted,sell days weighted,sell days log weighted,user basket weighted,user basket log weighted,buy days weighted,buy days log weighted,mbv per user weighted,mbv per user log weighted
precision@k,0.2077375122428991,0.13036238981390794,0.21753183153770816,0.19872673849167485,0.21606268364348677,0.2111655239960823,0.20675808031341825,0.21429970617042116,0.20577864838393733,0.21165523996082275,0.20842311459353577
map@k,0.34611560017412124,0.25825851561649793,0.41554031994776364,0.40831632930677986,0.41185044618565675,0.4049985036456633,0.3450178202198281,0.41084992926324954,0.3441200076178039,0.3559112797910545,0.34372755468494937
