{"metric": 0.043522268533706665, "params": {"item_alpha": 0.3715697055298993, "learning_rate": 0.21255221183657733, "no_components": 13.0, "user_alpha": 0.2145757171965058}}