{"metric": 0.011842106468975544, "params": {"item_alpha": 0.04194646712501058, "learning_rate": 0.33134377654955266, "no_components": 24.0, "user_alpha": 0.3439340673250181}}