{"metric": 0.01781376637518406, "params": {"item_alpha": 0.240654265350158, "learning_rate": 0.39007483696146655, "no_components": 77.0, "user_alpha": 0.22396680261691937}}